DateTime, Sensor, Temperature (Celcius), Relative Humidity (%)
2017-12-07 00:00:07 +0800, HTU21D, 18.785452, 104.167068
2017-12-07 00:00:37 +0800, HTU21D, 18.791889, 104.186340
2017-12-07 00:01:08 +0800, HTU21D, 18.800467, 104.231873
2017-12-07 00:01:38 +0800, HTU21D, 18.794033, 104.233963
2017-12-07 00:02:08 +0800, HTU21D, 18.789743, 104.308083
2017-12-07 00:02:39 +0800, HTU21D, 18.787598, 104.225365
2017-12-07 00:03:09 +0800, HTU21D, 18.783306, 104.221664
2017-12-07 00:03:39 +0800, HTU21D, 18.785452, 104.150284
2017-12-07 00:04:10 +0800, HTU21D, 18.789743, 104.274513
2017-12-07 00:04:40 +0800, HTU21D, 18.796177, 104.270897
2017-12-07 00:05:10 +0800, HTU21D, 18.791889, 104.256516
2017-12-07 00:05:41 +0800, HTU21D, 18.802612, 104.296280
2017-12-07 00:06:11 +0800, HTU21D, 18.791889, 104.232101
2017-12-07 00:06:42 +0800, HTU21D, 18.791889, 104.280945
2017-12-07 00:07:12 +0800, HTU21D, 18.787598, 104.255882
2017-12-07 00:07:42 +0800, HTU21D, 18.796177, 104.290749
2017-12-07 00:08:13 +0800, HTU21D, 18.798325, 104.184250
2017-12-07 00:08:43 +0800, HTU21D, 18.802612, 104.244408
2017-12-07 00:09:13 +0800, HTU21D, 18.809048, 104.257584
2017-12-07 00:09:44 +0800, HTU21D, 18.796177, 104.287682
2017-12-07 00:10:14 +0800, HTU21D, 18.785452, 104.290649
2017-12-07 00:10:44 +0800, HTU21D, 18.783306, 104.340683
2017-12-07 00:11:15 +0800, HTU21D, 18.789743, 104.327927
2017-12-07 00:11:45 +0800, HTU21D, 18.798323, 104.275803
2017-12-07 00:12:15 +0800, HTU21D, 18.796177, 104.333458
2017-12-07 00:12:46 +0800, HTU21D, 18.779016, 104.416336
2017-12-07 00:13:16 +0800, HTU21D, 18.785452, 104.420349
2017-12-07 00:13:46 +0800, HTU21D, 18.776873, 104.387024
2017-12-07 00:14:17 +0800, HTU21D, 18.783306, 104.436813
2017-12-07 00:14:47 +0800, HTU21D, 18.781162, 104.424294
2017-12-07 00:15:17 +0800, HTU21D, 18.785452, 104.418839
2017-12-07 00:15:48 +0800, HTU21D, 18.794033, 104.459793
2017-12-07 00:16:18 +0800, HTU21D, 18.787598, 104.454247
2017-12-07 00:16:48 +0800, HTU21D, 18.781162, 104.467018
2017-12-07 00:17:19 +0800, HTU21D, 18.785452, 104.461548
2017-12-07 00:17:49 +0800, HTU21D, 18.785452, 104.493591
2017-12-07 00:18:19 +0800, HTU21D, 18.779018, 104.469742
2017-12-07 00:18:50 +0800, HTU21D, 18.776873, 104.522827
2017-12-07 00:19:20 +0800, HTU21D, 18.779018, 104.425491
2017-12-07 00:19:50 +0800, HTU21D, 18.781162, 104.502113
2017-12-07 00:20:21 +0800, HTU21D, 18.779018, 104.466698
2017-12-07 00:20:51 +0800, HTU21D, 18.796179, 104.374672
2017-12-07 00:21:21 +0800, HTU21D, 18.815483, 104.749878
2017-12-07 00:21:52 +0800, HTU21D, 18.796177, 104.737831
2017-12-07 00:22:22 +0800, HTU21D, 18.783306, 104.754196
2017-12-07 00:22:52 +0800, HTU21D, 18.779016, 104.806961
2017-12-07 00:23:23 +0800, HTU21D, 18.770437, 104.758377
2017-12-07 00:23:53 +0800, HTU21D, 18.764004, 104.769615
2017-12-07 00:24:24 +0800, HTU21D, 18.764002, 104.784874
2017-12-07 00:24:54 +0800, HTU21D, 18.761860, 104.758621
2017-12-07 00:25:24 +0800, HTU21D, 18.751133, 104.776855
2017-12-07 00:25:55 +0800, HTU21D, 18.751133, 104.755478
2017-12-07 00:26:25 +0800, HTU21D, 18.733973, 104.841408
2017-12-07 00:26:55 +0800, HTU21D, 18.731827, 104.883812
2017-12-07 00:27:26 +0800, HTU21D, 18.725391, 104.893532
2017-12-07 00:27:56 +0800, HTU21D, 18.729681, 104.888062
2017-12-07 00:28:26 +0800, HTU21D, 18.729683, 104.900284
2017-12-07 00:28:57 +0800, HTU21D, 18.718958, 104.871201
2017-12-07 00:29:27 +0800, HTU21D, 18.716812, 104.919701
2017-12-07 00:29:57 +0800, HTU21D, 18.718958, 104.913925
2017-12-07 00:30:28 +0800, HTU21D, 18.723248, 104.914566
2017-12-07 00:30:58 +0800, HTU21D, 18.718958, 104.927650
2017-12-07 00:31:28 +0800, HTU21D, 18.714666, 105.015503
2017-12-07 00:31:59 +0800, HTU21D, 18.718958, 104.994789
2017-12-07 00:32:29 +0800, HTU21D, 18.714668, 104.994156
2017-12-07 00:33:00 +0800, HTU21D, 18.712523, 105.004501
2017-12-07 00:33:30 +0800, HTU21D, 18.721104, 104.981384
2017-12-07 00:34:00 +0800, HTU21D, 18.712523, 104.932785
2017-12-07 00:34:31 +0800, HTU21D, 18.708233, 104.994705
2017-12-07 00:35:01 +0800, HTU21D, 18.706089, 104.963867
2017-12-07 00:35:31 +0800, HTU21D, 18.706089, 104.924194
2017-12-07 00:36:02 +0800, HTU21D, 18.706089, 105.018799
2017-12-07 00:36:32 +0800, HTU21D, 18.712523, 105.045715
2017-12-07 00:37:02 +0800, HTU21D, 18.708233, 104.913841
2017-12-07 00:37:33 +0800, HTU21D, 18.701797, 104.903725
2017-12-07 00:38:03 +0800, HTU21D, 18.699652, 104.964432
2017-12-07 00:38:33 +0800, HTU21D, 18.699652, 105.005630
2017-12-07 00:39:04 +0800, HTU21D, 18.701797, 104.938820
2017-12-07 00:39:34 +0800, HTU21D, 18.695362, 104.950050
2017-12-07 00:40:04 +0800, HTU21D, 18.701797, 104.986107
2017-12-07 00:40:35 +0800, HTU21D, 18.695362, 105.000404
2017-12-07 00:41:05 +0800, HTU21D, 18.695362, 104.971420
2017-12-07 00:41:35 +0800, HTU21D, 18.691072, 104.973831
2017-12-07 00:42:06 +0800, HTU21D, 18.684637, 104.988121
2017-12-07 00:42:36 +0800, HTU21D, 18.684637, 105.006432
2017-12-07 00:43:06 +0800, HTU21D, 18.693216, 104.954308
2017-12-07 00:43:37 +0800, HTU21D, 18.695362, 104.963791
2017-12-07 00:44:07 +0800, HTU21D, 18.680347, 105.030197
2017-12-07 00:44:37 +0800, HTU21D, 18.682491, 105.051895
2017-12-07 00:45:08 +0800, HTU21D, 18.680347, 105.062241
2017-12-07 00:45:38 +0800, HTU21D, 18.676056, 105.070763
2017-12-07 00:46:09 +0800, HTU21D, 18.678202, 104.990211
2017-12-07 00:46:39 +0800, HTU21D, 18.673914, 105.064331
2017-12-07 00:47:09 +0800, HTU21D, 18.671768, 105.070114
2017-12-07 00:47:40 +0800, HTU21D, 18.680347, 105.030197
2017-12-07 00:48:10 +0800, HTU21D, 18.678202, 105.010048
2017-12-07 00:48:40 +0800, HTU21D, 18.669622, 104.985863
2017-12-07 00:49:11 +0800, HTU21D, 18.667479, 105.019119
2017-12-07 00:49:41 +0800, HTU21D, 18.667477, 105.005386
2017-12-07 00:50:11 +0800, HTU21D, 18.667479, 105.052689
2017-12-07 00:50:42 +0800, HTU21D, 18.669622, 105.014870
2017-12-07 00:51:12 +0800, HTU21D, 18.673912, 104.977371
2017-12-07 00:51:43 +0800, HTU21D, 18.663189, 105.015419
2017-12-07 00:52:13 +0800, HTU21D, 18.661043, 105.077660
2017-12-07 00:52:43 +0800, HTU21D, 18.671768, 105.059433
2017-12-07 00:53:14 +0800, HTU21D, 18.676056, 105.011253
2017-12-07 00:53:44 +0800, HTU21D, 18.669622, 104.978249
2017-12-07 00:54:14 +0800, HTU21D, 18.669624, 104.944679
2017-12-07 00:54:45 +0800, HTU21D, 18.665333, 105.005051
2017-12-07 00:55:15 +0800, HTU21D, 18.669622, 105.016380
2017-12-07 00:55:45 +0800, HTU21D, 18.673914, 105.026184
2017-12-07 00:56:16 +0800, HTU21D, 18.680347, 105.037827
2017-12-07 00:56:46 +0800, HTU21D, 18.680347, 104.984421
2017-12-07 00:57:16 +0800, HTU21D, 18.673912, 104.981934
2017-12-07 00:57:47 +0800, HTU21D, 18.669622, 104.976707
2017-12-07 00:58:17 +0800, HTU21D, 18.665333, 105.053879
2017-12-07 00:58:47 +0800, HTU21D, 18.654606, 104.997353
2017-12-07 00:59:18 +0800, HTU21D, 18.663189, 105.067307
2017-12-07 00:59:48 +0800, HTU21D, 18.658897, 105.063614
2017-12-07 01:00:18 +0800, HTU21D, 18.665333, 104.983704
2017-12-07 01:00:49 +0800, HTU21D, 18.654606, 105.056862
2017-12-07 01:01:19 +0800, HTU21D, 18.654606, 105.062965
2017-12-07 01:01:49 +0800, HTU21D, 18.652462, 105.015335
2017-12-07 01:02:20 +0800, HTU21D, 18.654606, 105.024818
2017-12-07 01:02:50 +0800, HTU21D, 18.648170, 105.061996
2017-12-07 01:03:20 +0800, HTU21D, 18.654606, 105.070595
2017-12-07 01:03:51 +0800, HTU21D, 18.650316, 105.097427
2017-12-07 01:04:21 +0800, HTU21D, 18.661043, 105.053246
2017-12-07 01:04:51 +0800, HTU21D, 18.661043, 105.051720
2017-12-07 01:05:22 +0800, HTU21D, 18.654606, 105.038551
2017-12-07 01:05:52 +0800, HTU21D, 18.661043, 105.024254
2017-12-07 01:06:23 +0800, HTU21D, 18.661043, 104.995262
2017-12-07 01:06:53 +0800, HTU21D, 18.656752, 104.982407
2017-12-07 01:07:23 +0800, HTU21D, 18.652462, 105.009239
2017-12-07 01:07:54 +0800, HTU21D, 18.658897, 105.026993
2017-12-07 01:08:24 +0800, HTU21D, 18.661043, 105.074608
2017-12-07 01:08:54 +0800, HTU21D, 18.656752, 105.017502
2017-12-07 01:09:25 +0800, HTU21D, 18.650316, 105.117249
2017-12-07 01:09:55 +0800, HTU21D, 18.652462, 104.971085
2017-12-07 01:10:25 +0800, HTU21D, 18.654606, 105.033974
2017-12-07 01:10:56 +0800, HTU21D, 18.648170, 105.008591
2017-12-07 01:11:26 +0800, HTU21D, 18.641735, 105.025940
2017-12-07 01:11:56 +0800, HTU21D, 18.652462, 105.021446
2017-12-07 01:12:27 +0800, HTU21D, 18.652462, 105.006187
2017-12-07 01:12:57 +0800, HTU21D, 18.652462, 105.044334
2017-12-07 01:13:27 +0800, HTU21D, 18.650316, 105.080627
2017-12-07 01:13:58 +0800, HTU21D, 18.652462, 105.062637
2017-12-07 01:14:28 +0800, HTU21D, 18.650316, 105.054688
2017-12-07 01:14:58 +0800, HTU21D, 18.641735, 105.067139
2017-12-07 01:15:29 +0800, HTU21D, 18.643879, 105.014053
2017-12-07 01:15:59 +0800, HTU21D, 18.646025, 105.055580
2017-12-07 01:16:29 +0800, HTU21D, 18.648170, 105.066574
2017-12-07 01:17:00 +0800, HTU21D, 18.646025, 105.035728
2017-12-07 01:17:30 +0800, HTU21D, 18.641735, 105.105270
2017-12-07 01:18:00 +0800, HTU21D, 18.639589, 105.088173
2017-12-07 01:18:31 +0800, HTU21D, 18.646025, 105.061684
2017-12-07 01:19:01 +0800, HTU21D, 18.639589, 105.059181
2017-12-07 01:19:31 +0800, HTU21D, 18.637445, 105.127525
2017-12-07 01:20:02 +0800, HTU21D, 18.635300, 105.113480
2017-12-07 01:20:32 +0800, HTU21D, 18.639591, 105.079018
2017-12-07 01:21:02 +0800, HTU21D, 18.637445, 105.069542
2017-12-07 01:21:33 +0800, HTU21D, 18.635302, 105.052429
2017-12-07 01:22:03 +0800, HTU21D, 18.631010, 105.083839
2017-12-07 01:22:33 +0800, HTU21D, 18.633156, 105.049057
2017-12-07 01:23:04 +0800, HTU21D, 18.633156, 105.102463
2017-12-07 01:23:34 +0800, HTU21D, 18.635300, 105.040237
2017-12-07 01:24:04 +0800, HTU21D, 18.633156, 105.091782
2017-12-07 01:24:35 +0800, HTU21D, 18.628866, 105.103348
2017-12-07 01:25:05 +0800, HTU21D, 18.639589, 105.062233
2017-12-07 01:25:35 +0800, HTU21D, 18.648170, 105.071152
2017-12-07 01:26:06 +0800, HTU21D, 18.650316, 105.086731
2017-12-07 01:26:36 +0800, HTU21D, 18.656752, 105.012924
2017-12-07 01:27:07 +0800, HTU21D, 18.650316, 104.972305
2017-12-07 01:27:37 +0800, HTU21D, 18.635300, 105.092102
2017-12-07 01:28:07 +0800, HTU21D, 18.635302, 105.075317
2017-12-07 01:28:38 +0800, HTU21D, 18.637445, 105.034447
2017-12-07 01:29:08 +0800, HTU21D, 18.628864, 105.059097
2017-12-07 01:29:38 +0800, HTU21D, 18.631012, 105.079262
2017-12-07 01:30:09 +0800, HTU21D, 18.620285, 105.114273
2017-12-07 01:30:39 +0800, HTU21D, 18.626720, 105.156433
2017-12-07 01:31:09 +0800, HTU21D, 18.622431, 105.186302
2017-12-07 01:31:40 +0800, HTU21D, 18.624577, 105.114906
2017-12-07 01:32:10 +0800, HTU21D, 18.622431, 105.146629
2017-12-07 01:32:40 +0800, HTU21D, 18.626720, 105.132019
2017-12-07 01:33:11 +0800, HTU21D, 18.624577, 105.156105
2017-12-07 01:33:41 +0800, HTU21D, 18.622431, 105.111534
2017-12-07 01:34:11 +0800, HTU21D, 18.609562, 105.214890
2017-12-07 01:34:42 +0800, HTU21D, 18.620285, 105.173782
2017-12-07 01:35:12 +0800, HTU21D, 18.620285, 105.103592
2017-12-07 01:35:42 +0800, HTU21D, 18.626720, 105.186951
2017-12-07 01:36:13 +0800, HTU21D, 18.628864, 105.133865
2017-12-07 01:36:43 +0800, HTU21D, 18.613850, 105.098045
2017-12-07 01:37:13 +0800, HTU21D, 18.622431, 105.200035
2017-12-07 01:37:44 +0800, HTU21D, 18.620285, 105.095963
2017-12-07 01:38:14 +0800, HTU21D, 18.618141, 105.184128
2017-12-07 01:38:44 +0800, HTU21D, 18.615997, 105.200600
2017-12-07 01:39:15 +0800, HTU21D, 18.626720, 105.327332
2017-12-07 01:39:45 +0800, HTU21D, 18.622431, 105.215294
2017-12-07 01:40:15 +0800, HTU21D, 18.620287, 105.179886
2017-12-07 01:40:46 +0800, HTU21D, 18.620285, 105.190567
2017-12-07 01:41:16 +0800, HTU21D, 18.624577, 105.189674
2017-12-07 01:41:46 +0800, HTU21D, 18.615995, 105.194496
2017-12-07 01:42:17 +0800, HTU21D, 18.615995, 105.174660
2017-12-07 01:42:47 +0800, HTU21D, 18.624577, 105.233932
2017-12-07 01:43:17 +0800, HTU21D, 18.626720, 105.199158
2017-12-07 01:43:48 +0800, HTU21D, 18.624577, 105.128647
2017-12-07 01:44:18 +0800, HTU21D, 18.618139, 105.188721
2017-12-07 01:44:48 +0800, HTU21D, 18.624577, 105.214088
2017-12-07 01:45:19 +0800, HTU21D, 18.631010, 105.169289
2017-12-07 01:45:49 +0800, HTU21D, 18.635302, 105.118042
2017-12-07 01:46:20 +0800, HTU21D, 18.635300, 105.128738
2017-12-07 01:46:50 +0800, HTU21D, 18.633156, 105.113144
2017-12-07 01:47:20 +0800, HTU21D, 18.643879, 105.108658
2017-12-07 01:47:51 +0800, HTU21D, 18.639591, 105.130905
2017-12-07 01:48:21 +0800, HTU21D, 18.635300, 105.140945
2017-12-07 01:48:51 +0800, HTU21D, 18.631012, 105.150978
2017-12-07 01:49:22 +0800, HTU21D, 18.628866, 105.132347
2017-12-07 01:49:52 +0800, HTU21D, 18.628866, 105.123192
2017-12-07 01:50:22 +0800, HTU21D, 18.624577, 105.168320
2017-12-07 01:50:53 +0800, HTU21D, 18.618139, 105.217712
2017-12-07 01:51:23 +0800, HTU21D, 18.618143, 105.196335
2017-12-07 01:51:53 +0800, HTU21D, 18.618139, 105.214645
2017-12-07 01:52:24 +0800, HTU21D, 18.615995, 105.202126
2017-12-07 01:52:54 +0800, HTU21D, 18.620285, 105.184464
2017-12-07 01:53:24 +0800, HTU21D, 18.620285, 105.208878
2017-12-07 01:53:55 +0800, HTU21D, 18.613852, 105.220116
2017-12-07 01:54:25 +0800, HTU21D, 18.609562, 105.243881
2017-12-07 01:54:55 +0800, HTU21D, 18.611706, 105.233521
2017-12-07 01:55:26 +0800, HTU21D, 18.607416, 105.225243
2017-12-07 01:55:56 +0800, HTU21D, 18.611706, 105.244202
2017-12-07 01:56:26 +0800, HTU21D, 18.611706, 105.224365
2017-12-07 01:56:57 +0800, HTU21D, 18.611706, 105.268616
2017-12-07 01:57:27 +0800, HTU21D, 18.615995, 105.209755
2017-12-07 01:57:57 +0800, HTU21D, 18.613852, 105.241478
2017-12-07 01:58:28 +0800, HTU21D, 18.613850, 105.162132
2017-12-07 01:58:58 +0800, HTU21D, 18.607416, 105.263390
2017-12-07 01:59:28 +0800, HTU21D, 18.611706, 105.282349
2017-12-07 01:59:59 +0800, HTU21D, 18.615995, 105.257057
2017-12-07 02:00:29 +0800, HTU21D, 18.605270, 105.290543
2017-12-07 02:00:59 +0800, HTU21D, 18.605270, 105.266129
2017-12-07 02:01:30 +0800, HTU21D, 18.609562, 105.239304
2017-12-07 02:02:00 +0800, HTU21D, 18.603125, 105.226135
2017-12-07 02:02:30 +0800, HTU21D, 18.605270, 105.252396
2017-12-07 02:03:01 +0800, HTU21D, 18.600979, 105.169357
2017-12-07 02:03:31 +0800, HTU21D, 18.594543, 105.223312
2017-12-07 02:04:01 +0800, HTU21D, 18.598835, 105.278893
2017-12-07 02:04:32 +0800, HTU21D, 18.600979, 105.295998
2017-12-07 02:05:02 +0800, HTU21D, 18.605270, 105.319534
2017-12-07 02:05:33 +0800, HTU21D, 18.598835, 105.251427
2017-12-07 02:06:03 +0800, HTU21D, 18.600979, 105.257858
2017-12-07 02:06:33 +0800, HTU21D, 18.603125, 105.244446
2017-12-07 02:07:04 +0800, HTU21D, 18.605270, 105.285973
2017-12-07 02:07:34 +0800, HTU21D, 18.609562, 105.216415
2017-12-07 02:08:04 +0800, HTU21D, 18.603125, 105.224609
2017-12-07 02:08:35 +0800, HTU21D, 18.598835, 105.266685
2017-12-07 02:09:05 +0800, HTU21D, 18.598835, 105.204124
2017-12-07 02:09:35 +0800, HTU21D, 18.598835, 105.266685
2017-12-07 02:10:06 +0800, HTU21D, 18.600979, 105.273117
2017-12-07 02:10:36 +0800, HTU21D, 18.605270, 105.232559
2017-12-07 02:11:06 +0800, HTU21D, 18.600979, 105.238022
2017-12-07 02:11:37 +0800, HTU21D, 18.594545, 105.229431
2017-12-07 02:12:07 +0800, HTU21D, 18.592400, 105.261154
2017-12-07 02:12:37 +0800, HTU21D, 18.596689, 105.278580
2017-12-07 02:13:08 +0800, HTU21D, 18.590256, 105.205894
2017-12-07 02:13:38 +0800, HTU21D, 18.592402, 105.250473
2017-12-07 02:14:08 +0800, HTU21D, 18.583820, 105.232399
2017-12-07 02:14:39 +0800, HTU21D, 18.588110, 105.257446
2017-12-07 02:15:09 +0800, HTU21D, 18.583820, 105.311745
2017-12-07 02:15:39 +0800, HTU21D, 18.588110, 105.211685
2017-12-07 02:16:10 +0800, HTU21D, 18.583820, 105.230873
2017-12-07 02:16:40 +0800, HTU21D, 18.592400, 105.251999
2017-12-07 02:17:10 +0800, HTU21D, 18.583820, 105.229347
2017-12-07 02:17:41 +0800, HTU21D, 18.585964, 105.249496
2017-12-07 02:18:11 +0800, HTU21D, 18.583820, 105.267494
2017-12-07 02:18:42 +0800, HTU21D, 18.583820, 105.342262
2017-12-07 02:19:12 +0800, HTU21D, 18.581676, 105.291580
2017-12-07 02:19:42 +0800, HTU21D, 18.590256, 105.279137
2017-12-07 02:20:13 +0800, HTU21D, 18.590256, 105.288292
2017-12-07 02:20:43 +0800, HTU21D, 18.590256, 105.308128
2017-12-07 02:21:13 +0800, HTU21D, 18.581675, 105.299217
2017-12-07 02:21:44 +0800, HTU21D, 18.583820, 105.250710
2017-12-07 02:22:14 +0800, HTU21D, 18.590256, 105.254723
2017-12-07 02:22:44 +0800, HTU21D, 18.581675, 105.253441
2017-12-07 02:23:15 +0800, HTU21D, 18.581675, 105.300735
2017-12-07 02:23:45 +0800, HTU21D, 18.585964, 105.251022
2017-12-07 02:24:15 +0800, HTU21D, 18.581675, 105.265648
2017-12-07 02:24:46 +0800, HTU21D, 18.588110, 105.280350
2017-12-07 02:25:16 +0800, HTU21D, 18.585966, 105.246445
2017-12-07 02:25:46 +0800, HTU21D, 18.583820, 105.259865
2017-12-07 02:26:17 +0800, HTU21D, 18.590256, 105.305077
2017-12-07 02:26:47 +0800, HTU21D, 18.590256, 105.269981
2017-12-07 02:27:17 +0800, HTU21D, 18.598835, 105.445213
2017-12-07 02:27:48 +0800, HTU21D, 18.603125, 105.311584
2017-12-07 02:28:18 +0800, HTU21D, 18.609562, 105.274399
2017-12-07 02:28:48 +0800, HTU21D, 18.603125, 105.252075
2017-12-07 02:29:19 +0800, HTU21D, 18.600979, 105.343300
2017-12-07 02:29:49 +0800, HTU21D, 18.618139, 105.457275
2017-12-07 02:30:19 +0800, HTU21D, 18.615995, 105.308937
2017-12-07 02:30:50 +0800, HTU21D, 18.607416, 105.312233
2017-12-07 02:31:20 +0800, HTU21D, 18.592402, 105.328293
2017-12-07 02:31:50 +0800, HTU21D, 18.592400, 105.393898
2017-12-07 02:32:21 +0800, HTU21D, 18.603125, 105.343628
2017-12-07 02:32:51 +0800, HTU21D, 18.603125, 105.317688
2017-12-07 02:33:21 +0800, HTU21D, 18.615995, 105.337929
2017-12-07 02:33:52 +0800, HTU21D, 18.607416, 105.229836
2017-12-07 02:34:22 +0800, HTU21D, 18.592402, 105.296249
2017-12-07 02:34:52 +0800, HTU21D, 18.600979, 105.329575
2017-12-07 02:35:23 +0800, HTU21D, 18.600979, 105.283798
2017-12-07 02:35:53 +0800, HTU21D, 18.596689, 105.327408
2017-12-07 02:36:23 +0800, HTU21D, 18.592402, 105.357277
2017-12-07 02:36:54 +0800, HTU21D, 18.590256, 105.318810
2017-12-07 02:37:24 +0800, HTU21D, 18.594547, 105.322510
2017-12-07 02:37:55 +0800, HTU21D, 18.581675, 105.343468
2017-12-07 02:38:25 +0800, HTU21D, 18.588110, 105.413101
2017-12-07 02:38:55 +0800, HTU21D, 18.590256, 105.370689
2017-12-07 02:39:26 +0800, HTU21D, 18.596691, 105.374710
2017-12-07 02:39:56 +0800, HTU21D, 18.592402, 105.311501
2017-12-07 02:40:26 +0800, HTU21D, 18.592402, 105.313034
2017-12-07 02:40:57 +0800, HTU21D, 18.598835, 105.373497
2017-12-07 02:41:27 +0800, HTU21D, 18.592402, 105.334396
2017-12-07 02:41:57 +0800, HTU21D, 18.592400, 105.375587
2017-12-07 02:42:28 +0800, HTU21D, 18.600979, 105.294479
2017-12-07 02:42:58 +0800, HTU21D, 18.620285, 105.359940
2017-12-07 02:43:28 +0800, HTU21D, 18.624577, 105.298019
2017-12-07 02:43:59 +0800, HTU21D, 18.613852, 105.276573
2017-12-07 02:44:29 +0800, HTU21D, 18.611706, 105.230469
2017-12-07 02:44:59 +0800, HTU21D, 18.605270, 105.310379
2017-12-07 02:45:30 +0800, HTU21D, 18.598835, 105.307884
2017-12-07 02:46:00 +0800, HTU21D, 18.594545, 105.385071
2017-12-07 02:46:30 +0800, HTU21D, 18.592400, 105.360329
2017-12-07 02:47:01 +0800, HTU21D, 18.588110, 105.374954
2017-12-07 02:47:31 +0800, HTU21D, 18.585964, 105.420410
2017-12-07 02:48:01 +0800, HTU21D, 18.585964, 105.385300
2017-12-07 02:48:32 +0800, HTU21D, 18.579533, 105.442322
2017-12-07 02:49:02 +0800, HTU21D, 18.579529, 105.451477
2017-12-07 02:49:32 +0800, HTU21D, 18.579529, 105.428604
2017-12-07 02:50:03 +0800, HTU21D, 18.575241, 105.463051
2017-12-07 02:50:33 +0800, HTU21D, 18.575241, 105.511864
2017-12-07 02:51:03 +0800, HTU21D, 18.573095, 105.458145
2017-12-07 02:51:34 +0800, HTU21D, 18.579531, 105.485046
2017-12-07 02:52:04 +0800, HTU21D, 18.579529, 105.454529
2017-12-07 02:52:34 +0800, HTU21D, 18.581675, 105.462486
2017-12-07 02:53:05 +0800, HTU21D, 18.585964, 105.365479
2017-12-07 02:53:35 +0800, HTU21D, 18.583820, 105.424660
2017-12-07 02:54:05 +0800, HTU21D, 18.581675, 105.454857
2017-12-07 02:54:36 +0800, HTU21D, 18.579531, 105.503357
2017-12-07 02:55:06 +0800, HTU21D, 18.577385, 105.504562
2017-12-07 02:55:37 +0800, HTU21D, 18.573095, 105.510025
2017-12-07 02:56:07 +0800, HTU21D, 18.568806, 105.517014
2017-12-07 02:56:37 +0800, HTU21D, 18.564516, 105.499588
2017-12-07 02:57:08 +0800, HTU21D, 18.564516, 105.516373
2017-12-07 02:57:38 +0800, HTU21D, 18.562370, 105.496201
2017-12-07 02:58:08 +0800, HTU21D, 18.564516, 105.554520
2017-12-07 02:58:39 +0800, HTU21D, 18.564516, 105.462967
2017-12-07 02:59:09 +0800, HTU21D, 18.564516, 105.552994
2017-12-07 02:59:39 +0800, HTU21D, 18.568806, 105.532265
2017-12-07 03:00:10 +0800, HTU21D, 18.562370, 105.534363
2017-12-07 03:00:40 +0800, HTU21D, 18.564516, 105.520950
2017-12-07 03:01:10 +0800, HTU21D, 18.568806, 105.510910
2017-12-07 03:01:41 +0800, HTU21D, 18.564516, 105.493484
2017-12-07 03:02:11 +0800, HTU21D, 18.562370, 105.529770
2017-12-07 03:02:41 +0800, HTU21D, 18.566662, 105.518211
2017-12-07 03:03:12 +0800, HTU21D, 18.564516, 105.478226
2017-12-07 03:03:42 +0800, HTU21D, 18.562370, 105.519089
2017-12-07 03:04:12 +0800, HTU21D, 18.562370, 105.517578
2017-12-07 03:04:43 +0800, HTU21D, 18.560225, 105.518776
2017-12-07 03:05:13 +0800, HTU21D, 18.566662, 105.516685
2017-12-07 03:05:43 +0800, HTU21D, 18.564516, 105.501114
2017-12-07 03:06:14 +0800, HTU21D, 18.553789, 105.504074
2017-12-07 03:06:44 +0800, HTU21D, 18.560225, 105.501991
2017-12-07 03:07:14 +0800, HTU21D, 18.570951, 105.546310
2017-12-07 03:07:45 +0800, HTU21D, 18.577383, 105.667831
2017-12-07 03:08:15 +0800, HTU21D, 18.588110, 105.629761
2017-12-07 03:08:45 +0800, HTU21D, 18.590256, 105.552269
2017-12-07 03:09:16 +0800, HTU21D, 18.598835, 105.614586
2017-12-07 03:09:46 +0800, HTU21D, 18.603125, 105.598450
2017-12-07 03:10:16 +0800, HTU21D, 18.600979, 105.498947
2017-12-07 03:10:47 +0800, HTU21D, 18.605270, 105.432449
2017-12-07 03:11:17 +0800, HTU21D, 18.600979, 105.425705
2017-12-07 03:11:47 +0800, HTU21D, 18.607416, 105.493797
2017-12-07 03:12:18 +0800, HTU21D, 18.603125, 105.444336
2017-12-07 03:12:48 +0800, HTU21D, 18.600979, 105.485214
2017-12-07 03:13:18 +0800, HTU21D, 18.605270, 105.461449
2017-12-07 03:13:49 +0800, HTU21D, 18.603125, 105.407715
2017-12-07 03:14:19 +0800, HTU21D, 18.607416, 105.454140
2017-12-07 03:14:49 +0800, HTU21D, 18.607416, 105.414467
2017-12-07 03:15:20 +0800, HTU21D, 18.607416, 105.419044
2017-12-07 03:15:50 +0800, HTU21D, 18.596689, 105.444901
2017-12-07 03:16:21 +0800, HTU21D, 18.594545, 105.493408
2017-12-07 03:16:51 +0800, HTU21D, 18.594545, 105.455261
2017-12-07 03:17:21 +0800, HTU21D, 18.592402, 105.467148
2017-12-07 03:17:52 +0800, HTU21D, 18.605270, 105.513321
2017-12-07 03:18:22 +0800, HTU21D, 18.596689, 105.437271
2017-12-07 03:18:52 +0800, HTU21D, 18.592402, 105.421364
2017-12-07 03:19:23 +0800, HTU21D, 18.588110, 105.475662
2017-12-07 03:19:53 +0800, HTU21D, 18.590256, 105.520226
2017-12-07 03:20:23 +0800, HTU21D, 18.583820, 105.473488
2017-12-07 03:20:54 +0800, HTU21D, 18.579531, 105.562866
2017-12-07 03:21:24 +0800, HTU21D, 18.573095, 105.522232
2017-12-07 03:21:54 +0800, HTU21D, 18.570950, 105.491394
2017-12-07 03:22:25 +0800, HTU21D, 18.570950, 105.509705
2017-12-07 03:22:55 +0800, HTU21D, 18.579529, 105.591858
2017-12-07 03:23:25 +0800, HTU21D, 18.579529, 105.495743
2017-12-07 03:23:56 +0800, HTU21D, 18.594545, 105.508667
2017-12-07 03:24:26 +0800, HTU21D, 18.594545, 105.441528
2017-12-07 03:24:56 +0800, HTU21D, 18.596691, 105.464737
2017-12-07 03:25:27 +0800, HTU21D, 18.592402, 105.497658
2017-12-07 03:25:57 +0800, HTU21D, 18.594545, 105.487305
2017-12-07 03:26:27 +0800, HTU21D, 18.596689, 105.454056
2017-12-07 03:26:58 +0800, HTU21D, 18.592398, 105.459511
2017-12-07 03:27:28 +0800, HTU21D, 18.577387, 105.506088
2017-12-07 03:27:58 +0800, HTU21D, 18.579531, 105.533875
2017-12-07 03:28:29 +0800, HTU21D, 18.575241, 105.527138
2017-12-07 03:28:59 +0800, HTU21D, 18.573095, 105.540543
2017-12-07 03:29:29 +0800, HTU21D, 18.566662, 105.580772
2017-12-07 03:30:00 +0800, HTU21D, 18.566662, 105.576195
2017-12-07 03:30:30 +0800, HTU21D, 18.570951, 105.523422
2017-12-07 03:31:00 +0800, HTU21D, 18.558079, 105.611526
2017-12-07 03:31:31 +0800, HTU21D, 18.570950, 105.581421
2017-12-07 03:32:01 +0800, HTU21D, 18.564516, 105.601822
2017-12-07 03:32:32 +0800, HTU21D, 18.570951, 105.614975
2017-12-07 03:33:02 +0800, HTU21D, 18.570950, 105.601257
2017-12-07 03:33:32 +0800, HTU21D, 18.568806, 105.527687
2017-12-07 03:34:03 +0800, HTU21D, 18.564516, 105.556046
2017-12-07 03:34:33 +0800, HTU21D, 18.566662, 105.621971
2017-12-07 03:35:03 +0800, HTU21D, 18.570951, 105.663803
2017-12-07 03:35:34 +0800, HTU21D, 18.577387, 105.617477
2017-12-07 03:36:04 +0800, HTU21D, 18.570950, 105.601242
2017-12-07 03:36:34 +0800, HTU21D, 18.575241, 105.597313
2017-12-07 03:37:05 +0800, HTU21D, 18.579529, 105.602539
2017-12-07 03:37:35 +0800, HTU21D, 18.570951, 105.575302
2017-12-07 03:38:05 +0800, HTU21D, 18.566662, 105.596031
2017-12-07 03:38:36 +0800, HTU21D, 18.568806, 105.668076
2017-12-07 03:39:06 +0800, HTU21D, 18.568806, 105.640602
2017-12-07 03:39:36 +0800, HTU21D, 18.573095, 105.647354
2017-12-07 03:40:07 +0800, HTU21D, 18.573095, 105.667191
2017-12-07 03:40:37 +0800, HTU21D, 18.590256, 105.692650
2017-12-07 03:41:08 +0800, HTU21D, 18.594545, 105.618530
2017-12-07 03:41:38 +0800, HTU21D, 18.592400, 105.584641
2017-12-07 03:42:08 +0800, HTU21D, 18.583820, 105.595558
2017-12-07 03:42:39 +0800, HTU21D, 18.577387, 105.640366
2017-12-07 03:43:09 +0800, HTU21D, 18.570950, 105.633301
2017-12-07 03:43:39 +0800, HTU21D, 18.564516, 105.672012
2017-12-07 03:44:10 +0800, HTU21D, 18.570950, 105.671448
2017-12-07 03:44:40 +0800, HTU21D, 18.566660, 105.667747
2017-12-07 03:45:10 +0800, HTU21D, 18.564516, 105.687271
2017-12-07 03:45:41 +0800, HTU21D, 18.566662, 105.605186
2017-12-07 03:46:11 +0800, HTU21D, 18.566662, 105.634178
2017-12-07 03:46:41 +0800, HTU21D, 18.566662, 105.628075
2017-12-07 03:47:12 +0800, HTU21D, 18.564516, 105.636902
2017-12-07 03:47:42 +0800, HTU21D, 18.573095, 105.709923
2017-12-07 03:48:12 +0800, HTU21D, 18.573095, 105.650414
2017-12-07 03:48:43 +0800, HTU21D, 18.577387, 105.606796
2017-12-07 03:49:13 +0800, HTU21D, 18.575241, 105.606483
2017-12-07 03:49:43 +0800, HTU21D, 18.575241, 105.586647
2017-12-07 03:50:14 +0800, HTU21D, 18.573097, 105.613785
2017-12-07 03:50:44 +0800, HTU21D, 18.573095, 105.595474
2017-12-07 03:51:14 +0800, HTU21D, 18.562370, 105.657959
2017-12-07 03:51:45 +0800, HTU21D, 18.575241, 105.636986
2017-12-07 03:52:15 +0800, HTU21D, 18.579529, 105.605606
2017-12-07 03:52:45 +0800, HTU21D, 18.575241, 105.607994
2017-12-07 03:53:16 +0800, HTU21D, 18.566662, 105.670799
2017-12-07 03:53:46 +0800, HTU21D, 18.568806, 105.614662
2017-12-07 03:54:16 +0800, HTU21D, 18.570951, 105.619553
2017-12-07 03:54:47 +0800, HTU21D, 18.564516, 105.644547
2017-12-07 03:55:17 +0800, HTU21D, 18.562370, 105.650314
2017-12-07 03:55:48 +0800, HTU21D, 18.568806, 105.645187
2017-12-07 03:56:18 +0800, HTU21D, 18.558079, 105.693924
2017-12-07 03:56:48 +0800, HTU21D, 18.558079, 105.724449
2017-12-07 03:57:19 +0800, HTU21D, 18.555935, 105.727173
2017-12-07 03:57:49 +0800, HTU21D, 18.564516, 105.694901
2017-12-07 03:58:19 +0800, HTU21D, 18.568806, 105.657387
2017-12-07 03:58:50 +0800, HTU21D, 18.564516, 105.644531
2017-12-07 03:59:20 +0800, HTU21D, 18.564516, 105.670486
2017-12-07 03:59:50 +0800, HTU21D, 18.564516, 105.609451
2017-12-07 04:00:21 +0800, HTU21D, 18.566662, 105.650963
2017-12-07 04:00:51 +0800, HTU21D, 18.558079, 105.671043
2017-12-07 04:01:21 +0800, HTU21D, 18.560225, 105.689674
2017-12-07 04:01:52 +0800, HTU21D, 18.551645, 105.677711
2017-12-07 04:02:22 +0800, HTU21D, 18.551645, 105.723488
2017-12-07 04:02:52 +0800, HTU21D, 18.555935, 105.682922
2017-12-07 04:03:23 +0800, HTU21D, 18.555935, 105.646301
2017-12-07 04:03:53 +0800, HTU21D, 18.553791, 105.710068
2017-12-07 04:04:23 +0800, HTU21D, 18.562370, 105.703735
2017-12-07 04:04:54 +0800, HTU21D, 18.558079, 105.738174
2017-12-07 04:05:24 +0800, HTU21D, 18.547356, 105.757935
2017-12-07 04:05:54 +0800, HTU21D, 18.549500, 105.721634
2017-12-07 04:06:25 +0800, HTU21D, 18.549500, 105.718582
2017-12-07 04:06:55 +0800, HTU21D, 18.551645, 105.773827
2017-12-07 04:07:25 +0800, HTU21D, 18.555935, 105.743958
2017-12-07 04:07:56 +0800, HTU21D, 18.558079, 105.684776
2017-12-07 04:08:26 +0800, HTU21D, 18.570950, 105.682129
2017-12-07 04:08:56 +0800, HTU21D, 18.568806, 105.675697
2017-12-07 04:09:27 +0800, HTU21D, 18.564516, 105.647598
2017-12-07 04:09:57 +0800, HTU21D, 18.564516, 105.618607
2017-12-07 04:10:27 +0800, HTU21D, 18.560225, 105.648476
2017-12-07 04:10:58 +0800, HTU21D, 18.560225, 105.692726
2017-12-07 04:11:28 +0800, HTU21D, 18.555935, 105.711914
2017-12-07 04:11:58 +0800, HTU21D, 18.555935, 105.730240
2017-12-07 04:12:29 +0800, HTU21D, 18.562370, 105.657944
2017-12-07 04:12:59 +0800, HTU21D, 18.555935, 105.702759
2017-12-07 04:13:29 +0800, HTU21D, 18.555935, 105.730225
2017-12-07 04:14:00 +0800, HTU21D, 18.560225, 105.721718
2017-12-07 04:14:30 +0800, HTU21D, 18.551645, 105.685326
2017-12-07 04:15:00 +0800, HTU21D, 18.545212, 105.699623
2017-12-07 04:15:31 +0800, HTU21D, 18.555935, 105.751587
2017-12-07 04:16:01 +0800, HTU21D, 18.555935, 105.690552
2017-12-07 04:16:32 +0800, HTU21D, 18.555935, 105.705811
2017-12-07 04:17:02 +0800, HTU21D, 18.551645, 105.702110
2017-12-07 04:17:32 +0800, HTU21D, 18.555935, 105.721069
2017-12-07 04:18:03 +0800, HTU21D, 18.560225, 105.704933
2017-12-07 04:18:33 +0800, HTU21D, 18.551645, 105.636513
2017-12-07 04:19:03 +0800, HTU21D, 18.549500, 105.704849
2017-12-07 04:19:34 +0800, HTU21D, 18.547354, 105.707581
2017-12-07 04:20:04 +0800, HTU21D, 18.547354, 105.745728
2017-12-07 04:20:34 +0800, HTU21D, 18.545212, 105.696571
2017-12-07 04:21:05 +0800, HTU21D, 18.538776, 105.730698
2017-12-07 04:21:35 +0800, HTU21D, 18.545212, 105.786598
2017-12-07 04:22:05 +0800, HTU21D, 18.538776, 105.750534
2017-12-07 04:22:36 +0800, HTU21D, 18.534487, 105.804832
2017-12-07 04:23:06 +0800, HTU21D, 18.540920, 105.811890
2017-12-07 04:23:36 +0800, HTU21D, 18.532341, 105.786209
2017-12-07 04:24:07 +0800, HTU21D, 18.536631, 105.771584
2017-12-07 04:24:37 +0800, HTU21D, 18.536631, 105.739540
2017-12-07 04:25:07 +0800, HTU21D, 18.538776, 105.721542
2017-12-07 04:25:38 +0800, HTU21D, 18.534485, 105.768211
2017-12-07 04:26:08 +0800, HTU21D, 18.534485, 105.830772
2017-12-07 04:26:38 +0800, HTU21D, 18.534485, 105.812462
2017-12-07 04:27:09 +0800, HTU21D, 18.536631, 105.821938
2017-12-07 04:27:39 +0800, HTU21D, 18.540920, 105.749344
2017-12-07 04:28:09 +0800, HTU21D, 18.538776, 105.742905
2017-12-07 04:28:40 +0800, HTU21D, 18.540920, 105.821060
2017-12-07 04:29:10 +0800, HTU21D, 18.534485, 105.817039
2017-12-07 04:29:40 +0800, HTU21D, 18.523760, 105.836792
2017-12-07 04:30:11 +0800, HTU21D, 18.525906, 105.852379
2017-12-07 04:30:41 +0800, HTU21D, 18.519470, 105.868187
2017-12-07 04:31:11 +0800, HTU21D, 18.525906, 105.849319
2017-12-07 04:31:42 +0800, HTU21D, 18.525906, 105.782181
2017-12-07 04:32:12 +0800, HTU21D, 18.528049, 105.857277
2017-12-07 04:32:42 +0800, HTU21D, 18.532339, 105.954041
2017-12-07 04:33:13 +0800, HTU21D, 18.545210, 105.923927
2017-12-07 04:33:43 +0800, HTU21D, 18.562370, 105.851746
2017-12-07 04:34:13 +0800, HTU21D, 18.560225, 105.816322
2017-12-07 04:34:44 +0800, HTU21D, 18.547354, 105.814392
2017-12-07 04:35:14 +0800, HTU21D, 18.549500, 105.790298
2017-12-07 04:35:44 +0800, HTU21D, 18.534485, 105.858231
2017-12-07 04:36:15 +0800, HTU21D, 18.525906, 105.876793
2017-12-07 04:36:45 +0800, HTU21D, 18.528049, 105.864891
2017-12-07 04:37:15 +0800, HTU21D, 18.530195, 105.901840
2017-12-07 04:37:46 +0800, HTU21D, 18.525906, 105.905777
2017-12-07 04:38:16 +0800, HTU21D, 18.532339, 105.851807
2017-12-07 04:38:47 +0800, HTU21D, 18.519470, 105.895653
2017-12-07 04:39:17 +0800, HTU21D, 18.530193, 105.915573
2017-12-07 04:39:47 +0800, HTU21D, 18.530195, 105.853012
2017-12-07 04:40:18 +0800, HTU21D, 18.523762, 105.856628
2017-12-07 04:40:48 +0800, HTU21D, 18.530195, 105.875900
2017-12-07 04:41:18 +0800, HTU21D, 18.530197, 105.865219
2017-12-07 04:41:49 +0800, HTU21D, 18.536631, 105.864662
2017-12-07 04:42:19 +0800, HTU21D, 18.540920, 105.866837
2017-12-07 04:42:49 +0800, HTU21D, 18.536631, 105.840248
2017-12-07 04:43:20 +0800, HTU21D, 18.538776, 105.822250
2017-12-07 04:43:50 +0800, HTU21D, 18.538776, 105.784103
2017-12-07 04:44:20 +0800, HTU21D, 18.532339, 105.816711
2017-12-07 04:44:51 +0800, HTU21D, 18.525906, 105.808128
2017-12-07 04:45:21 +0800, HTU21D, 18.513035, 105.891640
2017-12-07 04:45:51 +0800, HTU21D, 18.519470, 105.910912
2017-12-07 04:46:22 +0800, HTU21D, 18.528049, 105.924400
2017-12-07 04:46:52 +0800, HTU21D, 18.525906, 105.866112
2017-12-07 04:47:22 +0800, HTU21D, 18.521616, 105.856300
2017-12-07 04:47:53 +0800, HTU21D, 18.525906, 105.861526
2017-12-07 04:48:23 +0800, HTU21D, 18.521616, 105.912766
2017-12-07 04:48:53 +0800, HTU21D, 18.525906, 105.872215
2017-12-07 04:49:24 +0800, HTU21D, 18.519470, 105.901756
2017-12-07 04:49:54 +0800, HTU21D, 18.521616, 105.902077
2017-12-07 04:50:24 +0800, HTU21D, 18.519470, 105.878883
2017-12-07 04:50:55 +0800, HTU21D, 18.515179, 105.928589
2017-12-07 04:51:25 +0800, HTU21D, 18.517324, 105.919754
2017-12-07 04:51:55 +0800, HTU21D, 18.519470, 105.938377
2017-12-07 04:52:26 +0800, HTU21D, 18.523762, 105.903931
2017-12-07 04:52:56 +0800, HTU21D, 18.513035, 105.948097
2017-12-07 04:53:26 +0800, HTU21D, 18.521616, 105.949387
2017-12-07 04:53:57 +0800, HTU21D, 18.530195, 105.939987
2017-12-07 04:54:27 +0800, HTU21D, 18.532339, 105.947937
2017-12-07 04:54:57 +0800, HTU21D, 18.538774, 106.012985
2017-12-07 04:55:28 +0800, HTU21D, 18.553789, 105.920639
2017-12-07 04:55:58 +0800, HTU21D, 18.543066, 105.835106
2017-12-07 04:56:29 +0800, HTU21D, 18.545210, 105.827797
2017-12-07 04:56:59 +0800, HTU21D, 18.534485, 105.847557
2017-12-07 04:57:29 +0800, HTU21D, 18.532341, 105.963211
2017-12-07 04:58:00 +0800, HTU21D, 18.545210, 105.896461
2017-12-07 04:58:30 +0800, HTU21D, 18.536631, 105.840248
2017-12-07 04:59:00 +0800, HTU21D, 18.536631, 105.849403
2017-12-07 04:59:31 +0800, HTU21D, 18.534485, 105.896385
2017-12-07 05:00:01 +0800, HTU21D, 18.530195, 105.895737
2017-12-07 05:00:31 +0800, HTU21D, 18.536631, 105.866188
2017-12-07 05:01:02 +0800, HTU21D, 18.530195, 105.839279
2017-12-07 05:01:32 +0800, HTU21D, 18.543064, 105.859520
2017-12-07 05:02:02 +0800, HTU21D, 18.534485, 105.871971
2017-12-07 05:02:33 +0800, HTU21D, 18.538776, 105.874130
2017-12-07 05:03:03 +0800, HTU21D, 18.536631, 105.890602
2017-12-07 05:03:33 +0800, HTU21D, 18.538776, 105.851242
2017-12-07 05:04:04 +0800, HTU21D, 18.528049, 105.903053
2017-12-07 05:04:34 +0800, HTU21D, 18.530195, 105.886581
2017-12-07 05:05:04 +0800, HTU21D, 18.528049, 105.939674
2017-12-07 05:05:35 +0800, HTU21D, 18.530195, 105.909470
2017-12-07 05:06:05 +0800, HTU21D, 18.528051, 105.901527
2017-12-07 05:06:35 +0800, HTU21D, 18.521616, 105.906662
2017-12-07 05:07:06 +0800, HTU21D, 18.525906, 105.881363
2017-12-07 05:07:36 +0800, HTU21D, 18.528051, 105.921364
2017-12-07 05:08:06 +0800, HTU21D, 18.523762, 105.945129
2017-12-07 05:08:37 +0800, HTU21D, 18.532339, 105.917419
2017-12-07 05:09:07 +0800, HTU21D, 18.532339, 105.906738
2017-12-07 05:09:37 +0800, HTU21D, 18.530193, 105.910995
2017-12-07 05:10:08 +0800, HTU21D, 18.532339, 105.938782
2017-12-07 05:10:38 +0800, HTU21D, 18.530195, 105.901840
2017-12-07 05:11:08 +0800, HTU21D, 18.534485, 105.850609
2017-12-07 05:11:39 +0800, HTU21D, 18.523762, 105.897827
2017-12-07 05:12:09 +0800, HTU21D, 18.521616, 105.960060
2017-12-07 05:12:40 +0800, HTU21D, 18.523762, 105.905457
2017-12-07 05:13:10 +0800, HTU21D, 18.525906, 105.937820
2017-12-07 05:13:40 +0800, HTU21D, 18.528049, 105.941185
2017-12-07 05:14:11 +0800, HTU21D, 18.521616, 105.946335
2017-12-07 05:14:41 +0800, HTU21D, 18.528049, 105.913734
2017-12-07 05:15:11 +0800, HTU21D, 18.519470, 105.917015
2017-12-07 05:15:42 +0800, HTU21D, 18.519470, 105.877342
2017-12-07 05:16:12 +0800, HTU21D, 18.510889, 105.964561
2017-12-07 05:16:42 +0800, HTU21D, 18.519470, 105.956688
2017-12-07 05:17:13 +0800, HTU21D, 18.504456, 105.992592
2017-12-07 05:17:43 +0800, HTU21D, 18.502310, 105.992264
2017-12-07 05:18:13 +0800, HTU21D, 18.508745, 105.977982
2017-12-07 05:18:44 +0800, HTU21D, 18.515179, 105.966721
2017-12-07 05:19:14 +0800, HTU21D, 18.521616, 105.952438
2017-12-07 05:19:44 +0800, HTU21D, 18.523762, 105.990906
2017-12-07 05:20:15 +0800, HTU21D, 18.517324, 105.967056
2017-12-07 05:20:45 +0800, HTU21D, 18.513035, 105.943527
2017-12-07 05:21:15 +0800, HTU21D, 18.517324, 106.003677
2017-12-07 05:21:46 +0800, HTU21D, 18.519470, 105.993309
2017-12-07 05:22:16 +0800, HTU21D, 18.523762, 106.006165
2017-12-07 05:22:46 +0800, HTU21D, 18.528049, 105.974754
2017-12-07 05:23:17 +0800, HTU21D, 18.519470, 105.979591
2017-12-07 05:23:47 +0800, HTU21D, 18.521616, 106.025681
2017-12-07 05:24:17 +0800, HTU21D, 18.536631, 105.985207
2017-12-07 05:24:48 +0800, HTU21D, 18.536631, 106.012672
2017-12-07 05:25:18 +0800, HTU21D, 18.532341, 106.083740
2017-12-07 05:25:48 +0800, HTU21D, 18.525906, 106.014114
2017-12-07 05:26:19 +0800, HTU21D, 18.525906, 106.058372
2017-12-07 05:26:49 +0800, HTU21D, 18.532341, 105.970825
2017-12-07 05:27:19 +0800, HTU21D, 18.528051, 105.979347
2017-12-07 05:27:50 +0800, HTU21D, 18.525906, 105.986649
2017-12-07 05:28:20 +0800, HTU21D, 18.530197, 105.997971
2017-12-07 05:28:50 +0800, HTU21D, 18.534485, 106.013878
2017-12-07 05:29:21 +0800, HTU21D, 18.534485, 105.952843
2017-12-07 05:29:51 +0800, HTU21D, 18.528049, 106.038841
2017-12-07 05:30:21 +0800, HTU21D, 18.528051, 105.968666
2017-12-07 05:30:52 +0800, HTU21D, 18.519470, 106.005516
2017-12-07 05:31:22 +0800, HTU21D, 18.515179, 106.033859
2017-12-07 05:31:52 +0800, HTU21D, 18.519470, 106.080299
2017-12-07 05:32:23 +0800, HTU21D, 18.513035, 106.071701
2017-12-07 05:32:53 +0800, HTU21D, 18.513035, 106.061020
2017-12-07 05:33:24 +0800, HTU21D, 18.510891, 106.062218
2017-12-07 05:33:54 +0800, HTU21D, 18.510891, 106.103416
2017-12-07 05:34:24 +0800, HTU21D, 18.515179, 106.075073
2017-12-07 05:34:55 +0800, HTU21D, 18.504456, 106.142128
2017-12-07 05:35:25 +0800, HTU21D, 18.513035, 106.106789
2017-12-07 05:35:55 +0800, HTU21D, 18.510891, 106.075951
2017-12-07 05:36:26 +0800, HTU21D, 18.513035, 106.071701
2017-12-07 05:36:56 +0800, HTU21D, 18.519470, 106.078758
2017-12-07 05:37:26 +0800, HTU21D, 18.523762, 106.079422
2017-12-07 05:37:57 +0800, HTU21D, 18.510891, 106.063744
2017-12-07 05:38:27 +0800, HTU21D, 18.510889, 106.021019
2017-12-07 05:38:57 +0800, HTU21D, 18.510891, 106.028648
2017-12-07 05:39:28 +0800, HTU21D, 18.506598, 106.066147
2017-12-07 05:39:58 +0800, HTU21D, 18.506599, 106.032578
2017-12-07 05:40:28 +0800, HTU21D, 18.513035, 106.033546
2017-12-07 05:40:59 +0800, HTU21D, 18.513035, 106.085426
2017-12-07 05:41:29 +0800, HTU21D, 18.515179, 106.026245
2017-12-07 05:41:59 +0800, HTU21D, 18.519470, 106.043678
2017-12-07 05:42:30 +0800, HTU21D, 18.515179, 106.018616
2017-12-07 05:43:00 +0800, HTU21D, 18.513035, 106.051857
2017-12-07 05:43:30 +0800, HTU21D, 18.506601, 106.082932
2017-12-07 05:44:01 +0800, HTU21D, 18.506599, 106.125656
2017-12-07 05:44:31 +0800, HTU21D, 18.500166, 106.126221
2017-12-07 05:45:02 +0800, HTU21D, 18.504456, 106.108559
2017-12-07 05:45:32 +0800, HTU21D, 18.506601, 106.092102
2017-12-07 05:46:02 +0800, HTU21D, 18.500164, 106.117065
2017-12-07 05:46:33 +0800, HTU21D, 18.506599, 106.114975
2017-12-07 05:47:03 +0800, HTU21D, 18.506601, 106.099731
2017-12-07 05:47:33 +0800, HTU21D, 18.513035, 106.186134
2017-12-07 05:48:04 +0800, HTU21D, 18.508747, 106.136673
2017-12-07 05:48:34 +0800, HTU21D, 18.502310, 106.120438
2017-12-07 05:49:04 +0800, HTU21D, 18.491585, 106.163086
2017-12-07 05:49:35 +0800, HTU21D, 18.500164, 106.126221
2017-12-07 05:50:05 +0800, HTU21D, 18.495874, 106.127098
2017-12-07 05:50:35 +0800, HTU21D, 18.502310, 106.123489
2017-12-07 05:51:06 +0800, HTU21D, 18.495874, 106.136269
2017-12-07 05:51:36 +0800, HTU21D, 18.493731, 106.204605
2017-12-07 05:52:06 +0800, HTU21D, 18.483006, 106.173996
2017-12-07 05:52:37 +0800, HTU21D, 18.487295, 106.200584
2017-12-07 05:53:07 +0800, HTU21D, 18.487295, 106.177696
2017-12-07 05:53:37 +0800, HTU21D, 18.489441, 106.182594
2017-12-07 05:54:08 +0800, HTU21D, 18.493729, 106.207657
2017-12-07 05:54:38 +0800, HTU21D, 18.502310, 106.152481
2017-12-07 05:55:08 +0800, HTU21D, 18.504456, 106.120766
2017-12-07 05:55:39 +0800, HTU21D, 18.504456, 106.100929
2017-12-07 05:56:09 +0800, HTU21D, 18.489441, 106.147499
2017-12-07 05:56:39 +0800, HTU21D, 18.498020, 106.147263
2017-12-07 05:57:10 +0800, HTU21D, 18.495876, 106.137779
2017-12-07 05:57:40 +0800, HTU21D, 18.498020, 106.144211
2017-12-07 05:58:10 +0800, HTU21D, 18.495874, 106.121010
2017-12-07 05:58:41 +0800, HTU21D, 18.498020, 106.090805
2017-12-07 05:59:11 +0800, HTU21D, 18.525906, 106.261307
2017-12-07 05:59:41 +0800, HTU21D, 18.549501, 106.104630
2017-12-07 06:00:12 +0800, HTU21D, 18.553791, 106.013718
2017-12-07 06:00:42 +0800, HTU21D, 18.555935, 105.948441
2017-12-07 06:01:12 +0800, HTU21D, 18.581675, 105.914146
2017-12-07 06:01:43 +0800, HTU21D, 18.611706, 105.888138
2017-12-07 06:02:13 +0800, HTU21D, 18.615995, 105.890297
2017-12-07 06:02:43 +0800, HTU21D, 18.603125, 105.838013
2017-12-07 06:03:14 +0800, HTU21D, 18.592402, 105.865402
2017-12-07 06:03:44 +0800, HTU21D, 18.594545, 105.882507
2017-12-07 06:04:15 +0800, HTU21D, 18.577385, 105.872299
2017-12-07 06:04:45 +0800, HTU21D, 18.568806, 105.900002
2017-12-07 06:05:15 +0800, HTU21D, 18.566662, 105.957664
2017-12-07 06:05:46 +0800, HTU21D, 18.555935, 106.009476
2017-12-07 06:06:16 +0800, HTU21D, 18.549500, 106.100052
2017-12-07 06:06:46 +0800, HTU21D, 18.549500, 106.093948
2017-12-07 06:07:17 +0800, HTU21D, 18.540920, 106.037720
2017-12-07 06:07:47 +0800, HTU21D, 18.540920, 106.085022
2017-12-07 06:08:17 +0800, HTU21D, 18.532339, 106.097473
2017-12-07 06:08:48 +0800, HTU21D, 18.536631, 106.139320
2017-12-07 06:09:18 +0800, HTU21D, 18.540920, 106.100296
2017-12-07 06:09:48 +0800, HTU21D, 18.532341, 106.085266
2017-12-07 06:10:19 +0800, HTU21D, 18.536631, 106.146950
2017-12-07 06:10:49 +0800, HTU21D, 18.528051, 106.093788
2017-12-07 06:11:19 +0800, HTU21D, 18.536631, 106.058449
2017-12-07 06:11:50 +0800, HTU21D, 18.538776, 105.997726
2017-12-07 06:12:20 +0800, HTU21D, 18.525906, 106.033958
2017-12-07 06:12:50 +0800, HTU21D, 18.532339, 106.071533
2017-12-07 06:13:21 +0800, HTU21D, 18.530193, 106.060532
2017-12-07 06:13:51 +0800, HTU21D, 18.523762, 106.126709
2017-12-07 06:14:21 +0800, HTU21D, 18.538776, 106.089279
2017-12-07 06:14:52 +0800, HTU21D, 18.543066, 106.096031
2017-12-07 06:15:22 +0800, HTU21D, 18.560225, 105.935341
2017-12-07 06:15:52 +0800, HTU21D, 18.566662, 105.962242
2017-12-07 06:16:23 +0800, HTU21D, 18.600981, 106.109299
2017-12-07 06:16:53 +0800, HTU21D, 18.646027, 106.090126
2017-12-07 06:17:23 +0800, HTU21D, 18.693218, 105.907982
2017-12-07 06:17:54 +0800, HTU21D, 18.727537, 105.777328
2017-12-07 06:18:24 +0800, HTU21D, 18.764002, 105.798058
2017-12-07 06:18:55 +0800, HTU21D, 18.789743, 105.544044
2017-12-07 06:19:25 +0800, HTU21D, 18.785452, 105.422852
2017-12-07 06:19:55 +0800, HTU21D, 18.764002, 105.441002
2017-12-07 06:20:26 +0800, HTU21D, 18.785452, 105.462524
2017-12-07 06:20:56 +0800, HTU21D, 18.804758, 105.288429
2017-12-07 06:21:26 +0800, HTU21D, 18.821918, 105.213181
2017-12-07 06:21:57 +0800, HTU21D, 18.834789, 105.303612
2017-12-07 06:22:27 +0800, HTU21D, 18.847658, 105.186523
2017-12-07 06:22:57 +0800, HTU21D, 18.845514, 105.129738
2017-12-07 06:23:28 +0800, HTU21D, 18.849802, 105.151756
2017-12-07 06:23:58 +0800, HTU21D, 18.862675, 105.156723
2017-12-07 06:24:28 +0800, HTU21D, 18.871252, 105.026779
2017-12-07 06:24:59 +0800, HTU21D, 18.875544, 105.030495
2017-12-07 06:25:29 +0800, HTU21D, 18.884123, 104.989052
2017-12-07 06:25:59 +0800, HTU21D, 18.890558, 104.997643
2017-12-07 06:26:30 +0800, HTU21D, 18.909863, 104.922729
2017-12-07 06:27:00 +0800, HTU21D, 18.916298, 104.899269
2017-12-07 06:27:30 +0800, HTU21D, 18.916298, 104.827560
2017-12-07 06:28:01 +0800, HTU21D, 18.920589, 104.742752
2017-12-07 06:28:31 +0800, HTU21D, 18.918444, 104.769897
2017-12-07 06:29:01 +0800, HTU21D, 18.905573, 104.771019
2017-12-07 06:29:32 +0800, HTU21D, 18.905573, 104.815269
2017-12-07 06:30:02 +0800, HTU21D, 18.886267, 104.836792
2017-12-07 06:30:32 +0800, HTU21D, 18.875544, 104.885521
2017-12-07 06:31:03 +0800, HTU21D, 18.875544, 104.987770
2017-12-07 06:31:33 +0800, HTU21D, 18.879833, 105.014359
2017-12-07 06:32:03 +0800, HTU21D, 18.879833, 105.009781
2017-12-07 06:32:34 +0800, HTU21D, 18.892704, 105.014748
2017-12-07 06:33:04 +0800, HTU21D, 18.905573, 104.958702
2017-12-07 06:33:34 +0800, HTU21D, 18.914152, 104.938622
2017-12-07 06:34:05 +0800, HTU21D, 18.916298, 104.864182
2017-12-07 06:34:35 +0800, HTU21D, 18.931316, 104.938148
2017-12-07 06:35:05 +0800, HTU21D, 18.924879, 104.882248
2017-12-07 06:35:36 +0800, HTU21D, 18.903427, 104.943115
2017-12-07 06:36:06 +0800, HTU21D, 18.849804, 105.170059
2017-12-07 06:36:36 +0800, HTU21D, 18.817627, 105.268997
2017-12-07 06:37:07 +0800, HTU21D, 18.781162, 105.449684
2017-12-07 06:37:37 +0800, HTU21D, 18.804758, 105.573769
2017-12-07 06:38:08 +0800, HTU21D, 18.834787, 105.669823
2017-12-07 06:38:38 +0800, HTU21D, 18.858381, 105.723717
2017-12-07 06:39:08 +0800, HTU21D, 18.871252, 105.714966
2017-12-07 06:39:39 +0800, HTU21D, 18.901281, 105.768295
2017-12-07 06:40:09 +0800, HTU21D, 18.886269, 105.601242
2017-12-07 06:40:39 +0800, HTU21D, 18.890558, 105.775841
2017-12-07 06:41:10 +0800, HTU21D, 18.916298, 105.849899
2017-12-07 06:41:40 +0800, HTU21D, 18.935604, 105.802429
2017-12-07 06:42:10 +0800, HTU21D, 18.935606, 105.723083
2017-12-07 06:42:41 +0800, HTU21D, 18.929171, 105.847244
2017-12-07 06:43:11 +0800, HTU21D, 18.924879, 105.924423
2017-12-07 06:43:41 +0800, HTU21D, 18.946329, 106.045128
2017-12-07 06:44:12 +0800, HTU21D, 18.944185, 105.899857
2017-12-07 06:44:42 +0800, HTU21D, 18.942041, 105.939209
2017-12-07 06:45:12 +0800, HTU21D, 18.942038, 105.931580
2017-12-07 06:45:43 +0800, HTU21D, 18.952765, 106.139183
2017-12-07 06:46:13 +0800, HTU21D, 18.952765, 106.018639
2017-12-07 06:46:43 +0800, HTU21D, 18.959200, 106.105057
2017-12-07 06:47:14 +0800, HTU21D, 18.972071, 106.038315
2017-12-07 06:47:44 +0800, HTU21D, 18.963490, 106.064499
2017-12-07 06:48:14 +0800, HTU21D, 18.963490, 106.066017
2017-12-07 06:48:45 +0800, HTU21D, 18.967779, 106.197891
2017-12-07 06:49:15 +0800, HTU21D, 18.946331, 106.223671
2017-12-07 06:49:45 +0800, HTU21D, 18.927025, 106.118530
2017-12-07 06:50:16 +0800, HTU21D, 18.920589, 106.415115
2017-12-07 06:50:46 +0800, HTU21D, 18.922733, 106.424583
2017-12-07 06:51:16 +0800, HTU21D, 18.939896, 106.497360
2017-12-07 06:51:47 +0800, HTU21D, 18.957054, 106.640305
2017-12-07 06:52:17 +0800, HTU21D, 18.950619, 106.389099
2017-12-07 06:52:47 +0800, HTU21D, 18.972071, 106.549484
2017-12-07 06:53:18 +0800, HTU21D, 18.999954, 106.298851
2017-12-07 06:53:48 +0800, HTU21D, 19.002100, 106.462425
2017-12-07 06:54:19 +0800, HTU21D, 19.081467, 107.194557
2017-12-07 06:54:49 +0800, HTU21D, 19.098625, 106.252609
2017-12-07 06:55:19 +0800, HTU21D, 19.079321, 106.457237
2017-12-07 06:55:50 +0800, HTU21D, 19.062160, 106.427200
2017-12-07 06:56:20 +0800, HTU21D, 19.047144, 106.374588
2017-12-07 06:56:50 +0800, HTU21D, 19.025694, 106.453773
2017-12-07 06:57:21 +0800, HTU21D, 19.010679, 106.443886
2017-12-07 06:57:51 +0800, HTU21D, 18.982794, 106.439697
2017-12-07 06:58:21 +0800, HTU21D, 18.967779, 106.739578
2017-12-07 06:58:52 +0800, HTU21D, 18.967779, 106.725845
2017-12-07 06:59:22 +0800, HTU21D, 18.991375, 106.740067
2017-12-07 06:59:52 +0800, HTU21D, 18.991375, 106.706497
2017-12-07 07:00:23 +0800, HTU21D, 18.991375, 106.845352
2017-12-07 07:00:53 +0800, HTU21D, 18.991375, 106.743118
2017-12-07 07:01:23 +0800, HTU21D, 18.980648, 106.727783
2017-12-07 07:01:54 +0800, HTU21D, 18.974216, 106.816849
2017-12-07 07:02:24 +0800, HTU21D, 18.974216, 106.848877
2017-12-07 07:02:54 +0800, HTU21D, 18.980650, 106.811691
2017-12-07 07:03:25 +0800, HTU21D, 18.976360, 106.780540
2017-12-07 07:03:55 +0800, HTU21D, 18.965633, 106.902527
2017-12-07 07:04:25 +0800, HTU21D, 18.957054, 106.866135
2017-12-07 07:04:56 +0800, HTU21D, 18.961346, 106.932396
2017-12-07 07:05:26 +0800, HTU21D, 18.967779, 106.831131
2017-12-07 07:05:56 +0800, HTU21D, 18.959198, 106.826782
2017-12-07 07:06:27 +0800, HTU21D, 18.942041, 106.732666
2017-12-07 07:06:57 +0800, HTU21D, 18.942041, 106.964600
2017-12-07 07:07:27 +0800, HTU21D, 18.944185, 106.931351
2017-12-07 07:07:58 +0800, HTU21D, 18.952765, 106.989090
2017-12-07 07:08:28 +0800, HTU21D, 18.957056, 106.937851
2017-12-07 07:08:58 +0800, HTU21D, 18.954910, 106.871925
2017-12-07 07:09:29 +0800, HTU21D, 18.957056, 106.890549
2017-12-07 07:09:59 +0800, HTU21D, 18.946331, 106.743980
2017-12-07 07:10:29 +0800, HTU21D, 18.944183, 106.803177
2017-12-07 07:11:00 +0800, HTU21D, 18.939896, 106.910866
2017-12-07 07:11:30 +0800, HTU21D, 18.944183, 106.919144
2017-12-07 07:12:00 +0800, HTU21D, 18.952765, 107.076065
2017-12-07 07:12:31 +0800, HTU21D, 18.959200, 106.857315
2017-12-07 07:13:01 +0800, HTU21D, 18.961344, 106.953758
2017-12-07 07:13:31 +0800, HTU21D, 18.954910, 106.958900
2017-12-07 07:14:02 +0800, HTU21D, 18.952765, 106.876183
2017-12-07 07:14:32 +0800, HTU21D, 18.952765, 107.002823
2017-12-07 07:15:03 +0800, HTU21D, 18.944185, 106.932877
2017-12-07 07:15:33 +0800, HTU21D, 18.948475, 107.008286
2017-12-07 07:16:03 +0800, HTU21D, 18.942041, 106.869995
2017-12-07 07:16:34 +0800, HTU21D, 18.946331, 106.841637
2017-12-07 07:17:04 +0800, HTU21D, 18.937750, 106.934959
2017-12-07 07:17:34 +0800, HTU21D, 18.937750, 106.864769
2017-12-07 07:18:05 +0800, HTU21D, 18.933460, 106.955673
2017-12-07 07:18:35 +0800, HTU21D, 18.929171, 106.968765
2017-12-07 07:19:05 +0800, HTU21D, 18.927025, 106.962341
2017-12-07 07:19:36 +0800, HTU21D, 18.922733, 107.050209
2017-12-07 07:20:06 +0800, HTU21D, 18.918444, 107.156372
2017-12-07 07:20:36 +0800, HTU21D, 18.912006, 107.141678
2017-12-07 07:21:07 +0800, HTU21D, 18.914152, 107.090111
2017-12-07 07:21:37 +0800, HTU21D, 18.922733, 107.095985
2017-12-07 07:22:07 +0800, HTU21D, 18.912006, 107.079117
2017-12-07 07:22:38 +0800, HTU21D, 18.907719, 107.163918
2017-12-07 07:23:08 +0800, HTU21D, 18.903429, 107.062561
2017-12-07 07:23:38 +0800, HTU21D, 18.916298, 107.244553
2017-12-07 07:24:09 +0800, HTU21D, 18.922733, 107.221107
2017-12-07 07:24:39 +0800, HTU21D, 18.929171, 107.122879
2017-12-07 07:25:09 +0800, HTU21D, 18.918444, 107.180786
2017-12-07 07:25:40 +0800, HTU21D, 18.914152, 107.077919
2017-12-07 07:26:10 +0800, HTU21D, 18.918444, 107.101440
2017-12-07 07:26:40 +0800, HTU21D, 18.909863, 107.167282
2017-12-07 07:27:11 +0800, HTU21D, 18.903429, 107.119034
2017-12-07 07:27:41 +0800, HTU21D, 18.909863, 107.060471
2017-12-07 07:28:12 +0800, HTU21D, 18.903427, 107.099197
2017-12-07 07:28:42 +0800, HTU21D, 18.903429, 107.033569
2017-12-07 07:29:12 +0800, HTU21D, 18.912008, 107.135574
2017-12-07 07:29:43 +0800, HTU21D, 18.918444, 107.060242
2017-12-07 07:30:13 +0800, HTU21D, 18.920589, 107.033096
2017-12-07 07:30:43 +0800, HTU21D, 18.922733, 107.076149
2017-12-07 07:31:14 +0800, HTU21D, 18.922733, 107.016640
2017-12-07 07:31:44 +0800, HTU21D, 18.920589, 107.001060
2017-12-07 07:32:14 +0800, HTU21D, 18.929171, 106.970291
2017-12-07 07:32:45 +0800, HTU21D, 18.935604, 106.978882
2017-12-07 07:33:15 +0800, HTU21D, 18.933460, 106.931274
2017-12-07 07:33:45 +0800, HTU21D, 18.924879, 106.879623
2017-12-07 07:34:16 +0800, HTU21D, 18.924879, 106.991013
2017-12-07 07:34:46 +0800, HTU21D, 18.927025, 106.942505
2017-12-07 07:35:16 +0800, HTU21D, 18.927025, 106.980652
2017-12-07 07:35:47 +0800, HTU21D, 18.937750, 106.994469
2017-12-07 07:36:17 +0800, HTU21D, 18.939896, 106.897133
2017-12-07 07:36:47 +0800, HTU21D, 18.942038, 106.824219
2017-12-07 07:37:18 +0800, HTU21D, 18.933460, 106.806137
2017-12-07 07:37:48 +0800, HTU21D, 18.922733, 106.885414
2017-12-07 07:38:19 +0800, HTU21D, 18.935604, 106.983475
2017-12-07 07:38:49 +0800, HTU21D, 18.935606, 106.817154
2017-12-07 07:39:19 +0800, HTU21D, 18.931316, 106.821083
2017-12-07 07:39:50 +0800, HTU21D, 18.933460, 106.775620
2017-12-07 07:40:20 +0800, HTU21D, 18.927025, 106.889099
2017-12-07 07:40:50 +0800, HTU21D, 18.935604, 106.861404
2017-12-07 07:41:21 +0800, HTU21D, 18.933460, 106.803085
2017-12-07 07:41:51 +0800, HTU21D, 18.931316, 106.792091
2017-12-07 07:42:21 +0800, HTU21D, 18.937750, 106.803734
2017-12-07 07:42:52 +0800, HTU21D, 18.946329, 106.795860
2017-12-07 07:43:22 +0800, HTU21D, 18.952765, 106.859398
2017-12-07 07:43:52 +0800, HTU21D, 18.935604, 106.750000
2017-12-07 07:44:23 +0800, HTU21D, 18.927025, 106.831116
2017-12-07 07:44:53 +0800, HTU21D, 18.927025, 106.809753
2017-12-07 07:45:23 +0800, HTU21D, 18.935604, 106.852234
2017-12-07 07:45:54 +0800, HTU21D, 18.927025, 106.727356
2017-12-07 07:46:24 +0800, HTU21D, 18.931316, 106.837868
2017-12-07 07:46:54 +0800, HTU21D, 18.946329, 106.844704
2017-12-07 07:47:25 +0800, HTU21D, 18.957054, 106.684555
2017-12-07 07:47:55 +0800, HTU21D, 18.952765, 106.685440
2017-12-07 07:48:25 +0800, HTU21D, 18.954910, 106.629311
2017-12-07 07:48:56 +0800, HTU21D, 18.954910, 106.606422
2017-12-07 07:49:26 +0800, HTU21D, 18.950619, 106.624084
2017-12-07 07:49:56 +0800, HTU21D, 18.954910, 106.633888
2017-12-07 07:50:27 +0800, HTU21D, 18.944183, 106.623123
2017-12-07 07:50:57 +0800, HTU21D, 18.944187, 106.575821
2017-12-07 07:51:27 +0800, HTU21D, 18.931316, 106.686806
2017-12-07 07:51:58 +0800, HTU21D, 18.931316, 106.598305
2017-12-07 07:52:28 +0800, HTU21D, 18.935606, 106.676773
2017-12-07 07:52:58 +0800, HTU21D, 18.944183, 106.691788
2017-12-07 07:53:29 +0800, HTU21D, 18.937750, 106.628258
2017-12-07 07:53:59 +0800, HTU21D, 18.918444, 106.625366
2017-12-07 07:54:29 +0800, HTU21D, 18.914152, 106.661339
2017-12-07 07:55:00 +0800, HTU21D, 18.912006, 106.719009
2017-12-07 07:55:30 +0800, HTU21D, 18.927025, 106.776199
2017-12-07 07:56:00 +0800, HTU21D, 18.931316, 106.656288
2017-12-07 07:56:31 +0800, HTU21D, 18.929171, 106.648338
2017-12-07 07:57:01 +0800, HTU21D, 18.927025, 106.651062
2017-12-07 07:57:31 +0800, HTU21D, 18.929171, 106.616287
2017-12-07 07:58:02 +0800, HTU21D, 18.937750, 106.602318
2017-12-07 07:58:32 +0800, HTU21D, 18.931316, 106.512856
2017-12-07 07:59:03 +0800, HTU21D, 18.929171, 106.585770
2017-12-07 07:59:33 +0800, HTU21D, 18.924879, 106.594284
